timestamp, status, response_time, success_count, total_count, failed_count
2025-10-31 03:00:55, CONNECTED, 19.614, 60, 60, 0
2025-10-31 03:01:55, CONNECTED, 19.116, 60, 60, 0
2025-10-31 03:02:58, CONNECTED, 21.835, 60, 60, 0
2025-10-31 03:04:00, CONNECTED, 19.515, 60, 60, 0
2025-10-31 03:05:01, CONNECTED, 19.437, 60, 60, 0
2025-10-31 03:06:05, CONNECTED, 19.065, 60, 60, 0
2025-10-31 03:07:06, CONNECTED, 19.465, 60, 60, 0
2025-10-31 03:08:11, CONNECTED, 19.746, 60, 60, 0
2025-10-31 03:09:14, CONNECTED, 20.063, 60, 60, 0
2025-10-31 03:10:16, CONNECTED, 19.359, 60, 60, 0
2025-10-31 03:11:19, CONNECTED, 19.835, 60, 60, 0
2025-10-31 03:12:20, CONNECTED, 18.821, 60, 60, 0
2025-10-31 03:13:20, CONNECTED, 19.578, 60, 60, 0
2025-10-31 03:14:24, CONNECTED, 20.761, 60, 60, 0
2025-10-31 03:15:26, CONNECTED, 21.370, 60, 60, 0
2025-10-31 03:16:26, CONNECTED, 23.709, 60, 60, 0
2025-10-31 03:17:26, CONNECTED, 20.416, 60, 60, 0
2025-10-31 03:18:26, CONNECTED, 19.156, 60, 60, 0
2025-10-31 03:19:28, CONNECTED, 19.851, 60, 60, 0
2025-10-31 03:20:31, CONNECTED, 18.999, 60, 60, 0
2025-10-31 03:21:33, CONNECTED, 19.788, 60, 60, 0
2025-10-31 03:22:34, CONNECTED, 20.107, 60, 60, 0
2025-10-31 03:23:36, CONNECTED, 19.511, 60, 60, 0
2025-10-31 03:24:37, CONNECTED, 19.495, 60, 60, 0
2025-10-31 03:25:37, CONNECTED, 18.987, 60, 60, 0
2025-10-31 03:26:39, CONNECTED, 20.021, 60, 60, 0
2025-10-31 03:27:42, CONNECTED, 19.283, 60, 60, 0
2025-10-31 03:28:44, CONNECTED, 20.243, 60, 60, 0
2025-10-31 03:29:44, CONNECTED, 19.379, 60, 60, 0
2025-10-31 03:30:47, CONNECTED, 19.185, 60, 60, 0
2025-10-31 03:31:50, CONNECTED, 24.610, 60, 60, 0
2025-10-31 03:32:51, CONNECTED, 19.923, 60, 60, 0
2025-10-31 03:33:53, CONNECTED, 20.175, 60, 60, 0
2025-10-31 03:34:56, CONNECTED, 20.410, 60, 60, 0
2025-10-31 03:35:58, CONNECTED, 19.661, 60, 60, 0
2025-10-31 03:37:00, CONNECTED, 19.354, 60, 60, 0
2025-10-31 03:38:01, CONNECTED, 19.476, 60, 60, 0
2025-10-31 03:39:03, CONNECTED, 19.160, 60, 60, 0
2025-10-31 03:40:04, CONNECTED, 19.540, 60, 60, 0
2025-10-31 03:41:05, CONNECTED, 19.438, 60, 60, 0
2025-10-31 03:42:07, CONNECTED, 19.455, 60, 60, 0
2025-10-31 03:43:06, CONNECTED, 19.023, 60, 60, 0
2025-10-31 03:44:10, CONNECTED, 18.913, 60, 60, 0
2025-10-31 03:45:13, CONNECTED, 19.250, 60, 60, 0
2025-10-31 03:46:13, CONNECTED, 18.640, 60, 60, 0
2025-10-31 03:47:17, CONNECTED, 18.904, 60, 60, 0
2025-10-31 03:48:22, CONNECTED, 19.086, 60, 60, 0
2025-10-31 03:49:26, CONNECTED, 19.419, 60, 60, 0
2025-10-31 03:50:26, CONNECTED, 18.696, 60, 60, 0
2025-10-31 03:51:28, CONNECTED, 19.627, 60, 60, 0
2025-10-31 03:52:29, CONNECTED, 19.197, 60, 60, 0
2025-10-31 03:53:29, CONNECTED, 19.989, 60, 60, 0
2025-10-31 03:54:31, CONNECTED, 19.244, 60, 60, 0
2025-10-31 03:55:31, CONNECTED, 19.693, 60, 60, 0
2025-10-31 03:56:33, CONNECTED, 19.796, 60, 60, 0
2025-10-31 03:57:35, CONNECTED, 20.691, 60, 60, 0
2025-10-31 03:58:37, CONNECTED, 19.934, 60, 60, 0
2025-10-31 03:59:38, CONNECTED, 20.633, 60, 60, 0
